timestep,time_minutes,time_hour,start_date,sample_name,site,location,timepoint,DO_corrected_mgL
4,20,0.33,7/7/22,anoxia_060,OWC,wetland-A,24-hour,5.41
5,25,0.42,7/7/22,anoxia_060,OWC,wetland-A,24-hour,5.28
6,30,0.50,7/7/22,anoxia_060,OWC,wetland-A,24-hour,5.18
7,35,0.58,7/7/22,anoxia_060,OWC,wetland-A,24-hour,5.1
8,40,0.67,7/7/22,anoxia_060,OWC,wetland-A,24-hour,4.99
9,45,0.75,7/7/22,anoxia_060,OWC,wetland-A,24-hour,4.83
10,50,0.83,7/7/22,anoxia_060,OWC,wetland-A,24-hour,4.73
11,55,0.92,7/7/22,anoxia_060,OWC,wetland-A,24-hour,4.68
12,60,1.00,7/7/22,anoxia_060,OWC,wetland-A,24-hour,4.62
13,65,1.08,7/7/22,anoxia_060,OWC,wetland-A,24-hour,4.55
14,70,1.17,7/7/22,anoxia_060,OWC,wetland-A,24-hour,4.42
15,75,1.25,7/7/22,anoxia_060,OWC,wetland-A,24-hour,4.34
4,20,0.33,7/7/22,anoxia_062,OWC,wetland-A,24-hour,4.13
4,20,0.33,7/7/22,anoxia_061,OWC,wetland-A,24-hour,4.31
16,80,1.33,7/7/22,anoxia_060,OWC,wetland-A,24-hour,4.28
17,85,1.42,7/7/22,anoxia_060,OWC,wetland-A,24-hour,4.27
18,90,1.50,7/7/22,anoxia_060,OWC,wetland-A,24-hour,4.21
5,25,0.42,7/7/22,anoxia_061,OWC,wetland-A,24-hour,4.12
19,95,1.58,7/7/22,anoxia_060,OWC,wetland-A,24-hour,4.1
5,25,0.42,7/7/22,anoxia_062,OWC,wetland-A,24-hour,4.13
20,100,1.67,7/7/22,anoxia_060,OWC,wetland-A,24-hour,4.02
21,105,1.75,7/7/22,anoxia_060,OWC,wetland-A,24-hour,3.96
6,30,0.50,7/7/22,anoxia_061,OWC,wetland-A,24-hour,3.91
22,110,1.83,7/7/22,anoxia_060,OWC,wetland-A,24-hour,3.95
23,115,1.92,7/7/22,anoxia_060,OWC,wetland-A,24-hour,3.91
6,30,0.50,7/7/22,anoxia_062,OWC,wetland-A,24-hour,3.81
24,120,2.00,7/7/22,anoxia_060,OWC,wetland-A,24-hour,3.84
7,35,0.58,7/7/22,anoxia_061,OWC,wetland-A,24-hour,3.76
25,125,2.08,7/7/22,anoxia_060,OWC,wetland-A,24-hour,3.75
26,130,2.17,7/7/22,anoxia_060,OWC,wetland-A,24-hour,3.69
27,135,2.25,7/7/22,anoxia_060,OWC,wetland-A,24-hour,3.65
7,35,0.58,7/7/22,anoxia_062,OWC,wetland-A,24-hour,3.63
8,40,0.67,7/7/22,anoxia_061,OWC,wetland-A,24-hour,3.6
28,140,2.33,7/7/22,anoxia_060,OWC,wetland-A,24-hour,3.62
29,145,2.42,7/7/22,anoxia_060,OWC,wetland-A,24-hour,3.58
30,150,2.50,7/7/22,anoxia_060,OWC,wetland-A,24-hour,3.54
8,40,0.67,7/7/22,anoxia_062,OWC,wetland-A,24-hour,3.46
9,45,0.75,7/7/22,anoxia_061,OWC,wetland-A,24-hour,3.43
31,155,2.58,7/7/22,anoxia_060,OWC,wetland-A,24-hour,3.45
32,160,2.67,7/7/22,anoxia_060,OWC,wetland-A,24-hour,3.4
33,165,2.75,7/7/22,anoxia_060,OWC,wetland-A,24-hour,3.35
34,170,2.83,7/7/22,anoxia_060,OWC,wetland-A,24-hour,3.32
10,50,0.83,7/7/22,anoxia_061,OWC,wetland-A,24-hour,3.3
9,45,0.75,7/7/22,anoxia_062,OWC,wetland-A,24-hour,3.2
35,175,2.92,7/7/22,anoxia_060,OWC,wetland-A,24-hour,3.3
36,180,3.00,7/7/22,anoxia_060,OWC,wetland-A,24-hour,3.26
37,185,3.08,7/7/22,anoxia_060,OWC,wetland-A,24-hour,3.21
11,55,0.92,7/7/22,anoxia_061,OWC,wetland-A,24-hour,3.2
38,190,3.17,7/7/22,anoxia_060,OWC,wetland-A,24-hour,3.13
10,50,0.83,7/7/22,anoxia_062,OWC,wetland-A,24-hour,3.18
39,195,3.25,7/7/22,anoxia_060,OWC,wetland-A,24-hour,3.1
40,200,3.33,7/7/22,anoxia_060,OWC,wetland-A,24-hour,3.07
12,60,1.00,7/7/22,anoxia_061,OWC,wetland-A,24-hour,3.03
41,205,3.42,7/7/22,anoxia_060,OWC,wetland-A,24-hour,3.03
42,210,3.50,7/7/22,anoxia_060,OWC,wetland-A,24-hour,3.01
11,55,0.92,7/7/22,anoxia_062,OWC,wetland-A,24-hour,2.84
13,65,1.08,7/7/22,anoxia_061,OWC,wetland-A,24-hour,2.92
43,215,3.58,7/7/22,anoxia_060,OWC,wetland-A,24-hour,2.97
44,220,3.67,7/7/22,anoxia_060,OWC,wetland-A,24-hour,2.88
45,225,3.75,7/7/22,anoxia_060,OWC,wetland-A,24-hour,2.85
12,60,1.00,7/7/22,anoxia_062,OWC,wetland-A,24-hour,2.84
14,70,1.17,7/7/22,anoxia_061,OWC,wetland-A,24-hour,2.83
46,230,3.83,7/7/22,anoxia_060,OWC,wetland-A,24-hour,2.8
47,235,3.92,7/7/22,anoxia_060,OWC,wetland-A,24-hour,2.78
48,240,4.00,7/7/22,anoxia_060,OWC,wetland-A,24-hour,2.78
15,75,1.25,7/7/22,anoxia_061,OWC,wetland-A,24-hour,2.71
49,245,4.08,7/7/22,anoxia_060,OWC,wetland-A,24-hour,2.76
13,65,1.08,7/7/22,anoxia_062,OWC,wetland-A,24-hour,2.69
50,250,4.17,7/7/22,anoxia_060,OWC,wetland-A,24-hour,2.67
51,255,4.25,7/7/22,anoxia_060,OWC,wetland-A,24-hour,2.61
16,80,1.33,7/7/22,anoxia_061,OWC,wetland-A,24-hour,2.61
52,260,4.33,7/7/22,anoxia_060,OWC,wetland-A,24-hour,2.6
14,70,1.17,7/7/22,anoxia_062,OWC,wetland-A,24-hour,2.55
53,265,4.42,7/7/22,anoxia_060,OWC,wetland-A,24-hour,2.56
17,85,1.42,7/7/22,anoxia_061,OWC,wetland-A,24-hour,2.54
54,270,4.50,7/7/22,anoxia_060,OWC,wetland-A,24-hour,2.57
55,275,4.58,7/7/22,anoxia_060,OWC,wetland-A,24-hour,2.52
15,75,1.25,7/7/22,anoxia_062,OWC,wetland-A,24-hour,2.49
56,280,4.67,7/7/22,anoxia_060,OWC,wetland-A,24-hour,2.48
18,90,1.50,7/7/22,anoxia_061,OWC,wetland-A,24-hour,2.43
57,285,4.75,7/7/22,anoxia_060,OWC,wetland-A,24-hour,2.39
58,290,4.83,7/7/22,anoxia_060,OWC,wetland-A,24-hour,2.37
19,95,1.58,7/7/22,anoxia_061,OWC,wetland-A,24-hour,2.36
16,80,1.33,7/7/22,anoxia_062,OWC,wetland-A,24-hour,2.29
59,295,4.92,7/7/22,anoxia_060,OWC,wetland-A,24-hour,2.36
60,300,5.00,7/7/22,anoxia_060,OWC,wetland-A,24-hour,2.32
20,100,1.67,7/7/22,anoxia_061,OWC,wetland-A,24-hour,2.29
61,305,5.08,7/7/22,anoxia_060,OWC,wetland-A,24-hour,2.31
17,85,1.42,7/7/22,anoxia_062,OWC,wetland-A,24-hour,2.32
62,310,5.17,7/7/22,anoxia_060,OWC,wetland-A,24-hour,2.28
63,315,5.25,7/7/22,anoxia_060,OWC,wetland-A,24-hour,2.24
21,105,1.75,7/7/22,anoxia_061,OWC,wetland-A,24-hour,2.21
64,320,5.33,7/7/22,anoxia_060,OWC,wetland-A,24-hour,2.19
18,90,1.50,7/7/22,anoxia_062,OWC,wetland-A,24-hour,2.05
65,325,5.42,7/7/22,anoxia_060,OWC,wetland-A,24-hour,2.14
22,110,1.83,7/7/22,anoxia_061,OWC,wetland-A,24-hour,2.15
66,330,5.50,7/7/22,anoxia_060,OWC,wetland-A,24-hour,2.11
67,335,5.58,7/7/22,anoxia_060,OWC,wetland-A,24-hour,2.1
19,95,1.58,7/7/22,anoxia_062,OWC,wetland-A,24-hour,2.12
23,115,1.92,7/7/22,anoxia_061,OWC,wetland-A,24-hour,2.09
68,340,5.67,7/7/22,anoxia_060,OWC,wetland-A,24-hour,2.09
69,345,5.75,7/7/22,anoxia_060,OWC,wetland-A,24-hour,2.05
24,120,2.00,7/7/22,anoxia_061,OWC,wetland-A,24-hour,2.01
20,100,1.67,7/7/22,anoxia_062,OWC,wetland-A,24-hour,1.98
70,350,5.83,7/7/22,anoxia_060,OWC,wetland-A,24-hour,2.01
71,355,5.92,7/7/22,anoxia_060,OWC,wetland-A,24-hour,1.94
25,125,2.08,7/7/22,anoxia_061,OWC,wetland-A,24-hour,1.94
72,360,6.00,7/7/22,anoxia_060,OWC,wetland-A,24-hour,1.93
21,105,1.75,7/7/22,anoxia_062,OWC,wetland-A,24-hour,1.95
26,130,2.17,7/7/22,anoxia_061,OWC,wetland-A,24-hour,1.9
73,365,6.08,7/7/22,anoxia_060,OWC,wetland-A,24-hour,1.89
74,370,6.17,7/7/22,anoxia_060,OWC,wetland-A,24-hour,1.86
22,110,1.83,7/7/22,anoxia_062,OWC,wetland-A,24-hour,1.86
75,375,6.25,7/7/22,anoxia_060,OWC,wetland-A,24-hour,1.85
27,135,2.25,7/7/22,anoxia_061,OWC,wetland-A,24-hour,1.82
76,380,6.33,7/7/22,anoxia_060,OWC,wetland-A,24-hour,1.82
77,385,6.42,7/7/22,anoxia_060,OWC,wetland-A,24-hour,1.81
23,115,1.92,7/7/22,anoxia_062,OWC,wetland-A,24-hour,1.77
28,140,2.33,7/7/22,anoxia_061,OWC,wetland-A,24-hour,1.77
78,390,6.50,7/7/22,anoxia_060,OWC,wetland-A,24-hour,1.8
79,395,6.58,7/7/22,anoxia_060,OWC,wetland-A,24-hour,1.74
29,145,2.42,7/7/22,anoxia_061,OWC,wetland-A,24-hour,1.73
80,400,6.67,7/7/22,anoxia_060,OWC,wetland-A,24-hour,1.68
24,120,2.00,7/7/22,anoxia_062,OWC,wetland-A,24-hour,1.72
30,150,2.50,7/7/22,anoxia_061,OWC,wetland-A,24-hour,1.65
81,405,6.75,7/7/22,anoxia_060,OWC,wetland-A,24-hour,1.66
82,410,6.83,7/7/22,anoxia_060,OWC,wetland-A,24-hour,1.62
25,125,2.08,7/7/22,anoxia_062,OWC,wetland-A,24-hour,1.56
31,155,2.58,7/7/22,anoxia_061,OWC,wetland-A,24-hour,1.62
83,415,6.92,7/7/22,anoxia_060,OWC,wetland-A,24-hour,1.61
84,420,7.00,7/7/22,anoxia_060,OWC,wetland-A,24-hour,1.59
32,160,2.67,7/7/22,anoxia_061,OWC,wetland-A,24-hour,1.57
85,425,7.08,7/7/22,anoxia_060,OWC,wetland-A,24-hour,1.58
26,130,2.17,7/7/22,anoxia_062,OWC,wetland-A,24-hour,1.6
86,430,7.17,7/7/22,anoxia_060,OWC,wetland-A,24-hour,1.54
33,165,2.75,7/7/22,anoxia_061,OWC,wetland-A,24-hour,1.49
87,435,7.25,7/7/22,anoxia_060,OWC,wetland-A,24-hour,1.51
27,135,2.25,7/7/22,anoxia_062,OWC,wetland-A,24-hour,1.4
88,440,7.33,7/7/22,anoxia_060,OWC,wetland-A,24-hour,1.46
34,170,2.83,7/7/22,anoxia_061,OWC,wetland-A,24-hour,1.46
89,445,7.42,7/7/22,anoxia_060,OWC,wetland-A,24-hour,1.43
28,140,2.33,7/7/22,anoxia_062,OWC,wetland-A,24-hour,1.49
35,175,2.92,7/7/22,anoxia_061,OWC,wetland-A,24-hour,1.42
90,450,7.50,7/7/22,anoxia_060,OWC,wetland-A,24-hour,1.4
91,455,7.58,7/7/22,anoxia_060,OWC,wetland-A,24-hour,1.38
29,145,2.42,7/7/22,anoxia_062,OWC,wetland-A,24-hour,1.28
36,180,3.00,7/7/22,anoxia_061,OWC,wetland-A,24-hour,1.35
92,460,7.67,7/7/22,anoxia_060,OWC,wetland-A,24-hour,1.37
93,465,7.75,7/7/22,anoxia_060,OWC,wetland-A,24-hour,1.35
37,185,3.08,7/7/22,anoxia_061,OWC,wetland-A,24-hour,1.31
94,470,7.83,7/7/22,anoxia_060,OWC,wetland-A,24-hour,1.33
30,150,2.50,7/7/22,anoxia_062,OWC,wetland-A,24-hour,1.37
95,475,7.92,7/7/22,anoxia_060,OWC,wetland-A,24-hour,1.29
31,155,2.58,7/7/22,anoxia_062,OWC,wetland-A,24-hour,1.2
38,190,3.17,7/7/22,anoxia_061,OWC,wetland-A,24-hour,1.27
96,480,8.00,7/7/22,anoxia_060,OWC,wetland-A,24-hour,1.25
39,195,3.25,7/7/22,anoxia_061,OWC,wetland-A,24-hour,1.22
97,485,8.08,7/7/22,anoxia_060,OWC,wetland-A,24-hour,1.22
32,160,2.67,7/7/22,anoxia_062,OWC,wetland-A,24-hour,1.27
98,490,8.17,7/7/22,anoxia_060,OWC,wetland-A,24-hour,1.2
40,200,3.33,7/7/22,anoxia_061,OWC,wetland-A,24-hour,1.19
33,165,2.75,7/7/22,anoxia_062,OWC,wetland-A,24-hour,1.13
99,495,8.25,7/7/22,anoxia_060,OWC,wetland-A,24-hour,1.16
41,205,3.42,7/7/22,anoxia_061,OWC,wetland-A,24-hour,1.15
100,500,8.33,7/7/22,anoxia_060,OWC,wetland-A,24-hour,1.16
101,505,8.42,7/7/22,anoxia_060,OWC,wetland-A,24-hour,1.14
34,170,2.83,7/7/22,anoxia_062,OWC,wetland-A,24-hour,1.17
42,210,3.50,7/7/22,anoxia_061,OWC,wetland-A,24-hour,1.09
102,510,8.50,7/7/22,anoxia_060,OWC,wetland-A,24-hour,1.11
35,175,2.92,7/7/22,anoxia_062,OWC,wetland-A,24-hour,1.08
103,515,8.58,7/7/22,anoxia_060,OWC,wetland-A,24-hour,1.09
43,215,3.58,7/7/22,anoxia_061,OWC,wetland-A,24-hour,1.08
104,520,8.67,7/7/22,anoxia_060,OWC,wetland-A,24-hour,1.05
36,180,3.00,7/7/22,anoxia_062,OWC,wetland-A,24-hour,1.06
44,220,3.67,7/7/22,anoxia_061,OWC,wetland-A,24-hour,1.04
105,525,8.75,7/7/22,anoxia_060,OWC,wetland-A,24-hour,1.01
37,185,3.08,7/7/22,anoxia_062,OWC,wetland-A,24-hour,0.95
45,225,3.75,7/7/22,anoxia_061,OWC,wetland-A,24-hour,1
106,530,8.83,7/7/22,anoxia_060,OWC,wetland-A,24-hour,0.98
46,230,3.83,7/7/22,anoxia_061,OWC,wetland-A,24-hour,0.97
107,535,8.92,7/7/22,anoxia_060,OWC,wetland-A,24-hour,0.97
38,190,3.17,7/7/22,anoxia_062,OWC,wetland-A,24-hour,0.97
108,540,9.00,7/7/22,anoxia_060,OWC,wetland-A,24-hour,0.95
47,235,3.92,7/7/22,anoxia_061,OWC,wetland-A,24-hour,0.93
109,545,9.08,7/7/22,anoxia_060,OWC,wetland-A,24-hour,0.93
39,195,3.25,7/7/22,anoxia_062,OWC,wetland-A,24-hour,0.9
110,550,9.17,7/7/22,anoxia_060,OWC,wetland-A,24-hour,0.92
48,240,4.00,7/7/22,anoxia_061,OWC,wetland-A,24-hour,0.91
111,555,9.25,7/7/22,anoxia_060,OWC,wetland-A,24-hour,0.89
40,200,3.33,7/7/22,anoxia_062,OWC,wetland-A,24-hour,0.89
49,245,4.08,7/7/22,anoxia_061,OWC,wetland-A,24-hour,0.88
112,560,9.33,7/7/22,anoxia_060,OWC,wetland-A,24-hour,0.86
41,205,3.42,7/7/22,anoxia_062,OWC,wetland-A,24-hour,0.83
50,250,4.17,7/7/22,anoxia_061,OWC,wetland-A,24-hour,0.84
113,565,9.42,7/7/22,anoxia_060,OWC,wetland-A,24-hour,0.83
51,255,4.25,7/7/22,anoxia_061,OWC,wetland-A,24-hour,0.81
42,210,3.50,7/7/22,anoxia_062,OWC,wetland-A,24-hour,0.82
114,570,9.50,7/7/22,anoxia_060,OWC,wetland-A,24-hour,0.79
52,260,4.33,7/7/22,anoxia_061,OWC,wetland-A,24-hour,0.77
115,575,9.58,7/7/22,anoxia_060,OWC,wetland-A,24-hour,0.78
43,215,3.58,7/7/22,anoxia_062,OWC,wetland-A,24-hour,0.75
116,580,9.67,7/7/22,anoxia_060,OWC,wetland-A,24-hour,0.75
53,265,4.42,7/7/22,anoxia_061,OWC,wetland-A,24-hour,0.75
44,220,3.67,7/7/22,anoxia_062,OWC,wetland-A,24-hour,0.74
117,585,9.75,7/7/22,anoxia_060,OWC,wetland-A,24-hour,0.73
54,270,4.50,7/7/22,anoxia_061,OWC,wetland-A,24-hour,0.72
118,590,9.83,7/7/22,anoxia_060,OWC,wetland-A,24-hour,0.71
45,225,3.75,7/7/22,anoxia_062,OWC,wetland-A,24-hour,0.68
119,595,9.92,7/7/22,anoxia_060,OWC,wetland-A,24-hour,0.69
55,275,4.58,7/7/22,anoxia_061,OWC,wetland-A,24-hour,0.69
120,600,10.00,7/7/22,anoxia_060,OWC,wetland-A,24-hour,0.69
56,280,4.67,7/7/22,anoxia_061,OWC,wetland-A,24-hour,0.66
46,230,3.83,7/7/22,anoxia_062,OWC,wetland-A,24-hour,0.67
121,605,10.08,7/7/22,anoxia_060,OWC,wetland-A,24-hour,0.66
57,285,4.75,7/7/22,anoxia_061,OWC,wetland-A,24-hour,0.63
122,610,10.17,7/7/22,anoxia_060,OWC,wetland-A,24-hour,0.64
47,235,3.92,7/7/22,anoxia_062,OWC,wetland-A,24-hour,0.62
58,290,4.83,7/7/22,anoxia_061,OWC,wetland-A,24-hour,0.63
123,615,10.25,7/7/22,anoxia_060,OWC,wetland-A,24-hour,0.62
48,240,4.00,7/7/22,anoxia_062,OWC,wetland-A,24-hour,0.6
59,295,4.92,7/7/22,anoxia_061,OWC,wetland-A,24-hour,0.59
124,620,10.33,7/7/22,anoxia_060,OWC,wetland-A,24-hour,0.58
125,625,10.42,7/7/22,anoxia_060,OWC,wetland-A,24-hour,0.57
49,245,4.08,7/7/22,anoxia_062,OWC,wetland-A,24-hour,0.56
60,300,5.00,7/7/22,anoxia_061,OWC,wetland-A,24-hour,0.56
126,630,10.50,7/7/22,anoxia_060,OWC,wetland-A,24-hour,0.54
61,305,5.08,7/7/22,anoxia_061,OWC,wetland-A,24-hour,0.54
50,250,4.17,7/7/22,anoxia_062,OWC,wetland-A,24-hour,0.52
127,635,10.58,7/7/22,anoxia_060,OWC,wetland-A,24-hour,0.53
62,310,5.17,7/7/22,anoxia_061,OWC,wetland-A,24-hour,0.51
128,640,10.67,7/7/22,anoxia_060,OWC,wetland-A,24-hour,0.5
51,255,4.25,7/7/22,anoxia_062,OWC,wetland-A,24-hour,0.51
129,645,10.75,7/7/22,anoxia_060,OWC,wetland-A,24-hour,0.49
63,315,5.25,7/7/22,anoxia_061,OWC,wetland-A,24-hour,0.49
52,260,4.33,7/7/22,anoxia_062,OWC,wetland-A,24-hour,0.45
130,650,10.83,7/7/22,anoxia_060,OWC,wetland-A,24-hour,0.49
64,320,5.33,7/7/22,anoxia_061,OWC,wetland-A,24-hour,0.46
131,655,10.92,7/7/22,anoxia_060,OWC,wetland-A,24-hour,0.47
53,265,4.42,7/7/22,anoxia_062,OWC,wetland-A,24-hour,0.46
65,325,5.42,7/7/22,anoxia_061,OWC,wetland-A,24-hour,0.45
132,660,11.00,7/7/22,anoxia_060,OWC,wetland-A,24-hour,0.45
54,270,4.50,7/7/22,anoxia_062,OWC,wetland-A,24-hour,0.42
66,330,5.50,7/7/22,anoxia_061,OWC,wetland-A,24-hour,0.43
133,665,11.08,7/7/22,anoxia_060,OWC,wetland-A,24-hour,0.42
55,275,4.58,7/7/22,anoxia_062,OWC,wetland-A,24-hour,0.4
67,335,5.58,7/7/22,anoxia_061,OWC,wetland-A,24-hour,0.39
134,670,11.17,7/7/22,anoxia_060,OWC,wetland-A,24-hour,0.39
56,280,4.67,7/7/22,anoxia_062,OWC,wetland-A,24-hour,0.36
68,340,5.67,7/7/22,anoxia_061,OWC,wetland-A,24-hour,0.38
135,675,11.25,7/7/22,anoxia_060,OWC,wetland-A,24-hour,0.37
57,285,4.75,7/7/22,anoxia_062,OWC,wetland-A,24-hour,0.36
69,345,5.75,7/7/22,anoxia_061,OWC,wetland-A,24-hour,0.35
136,680,11.33,7/7/22,anoxia_060,OWC,wetland-A,24-hour,0.35
70,350,5.83,7/7/22,anoxia_061,OWC,wetland-A,24-hour,0.34
137,685,11.42,7/7/22,anoxia_060,OWC,wetland-A,24-hour,0.34
58,290,4.83,7/7/22,anoxia_062,OWC,wetland-A,24-hour,0.34
71,355,5.92,7/7/22,anoxia_061,OWC,wetland-A,24-hour,0.32
138,690,11.50,7/7/22,anoxia_060,OWC,wetland-A,24-hour,0.32
59,295,4.92,7/7/22,anoxia_062,OWC,wetland-A,24-hour,0.3
139,695,11.58,7/7/22,anoxia_060,OWC,wetland-A,24-hour,0.31
72,360,6.00,7/7/22,anoxia_061,OWC,wetland-A,24-hour,0.29
140,700,11.67,7/7/22,anoxia_060,OWC,wetland-A,24-hour,0.29
60,300,5.00,7/7/22,anoxia_062,OWC,wetland-A,24-hour,0.3
73,365,6.08,7/7/22,anoxia_061,OWC,wetland-A,24-hour,0.28
141,705,11.75,7/7/22,anoxia_060,OWC,wetland-A,24-hour,0.28
61,305,5.08,7/7/22,anoxia_062,OWC,wetland-A,24-hour,0.23
74,370,6.17,7/7/22,anoxia_061,OWC,wetland-A,24-hour,0.25
142,710,11.83,7/7/22,anoxia_060,OWC,wetland-A,24-hour,0.27
75,375,6.25,7/7/22,anoxia_061,OWC,wetland-A,24-hour,0.26
143,715,11.92,7/7/22,anoxia_060,OWC,wetland-A,24-hour,0.25
62,310,5.17,7/7/22,anoxia_062,OWC,wetland-A,24-hour,0.26
76,380,6.33,7/7/22,anoxia_061,OWC,wetland-A,24-hour,0.22
144,720,12.00,7/7/22,anoxia_060,OWC,wetland-A,24-hour,0.24
63,315,5.25,7/7/22,anoxia_062,OWC,wetland-A,24-hour,0.16
77,385,6.42,7/7/22,anoxia_061,OWC,wetland-A,24-hour,0.22
145,725,12.08,7/7/22,anoxia_060,OWC,wetland-A,24-hour,0.22
78,390,6.50,7/7/22,anoxia_061,OWC,wetland-A,24-hour,0.2
64,320,5.33,7/7/22,anoxia_062,OWC,wetland-A,24-hour,0.23
146,730,12.17,7/7/22,anoxia_060,OWC,wetland-A,24-hour,0.18
65,325,5.42,7/7/22,anoxia_062,OWC,wetland-A,24-hour,0.12
79,395,6.58,7/7/22,anoxia_061,OWC,wetland-A,24-hour,0.17
147,735,12.25,7/7/22,anoxia_060,OWC,wetland-A,24-hour,0.17
260,1300,21.67,7/7/22,anoxia_062,OWC,wetland-A,24-hour,0.2
263,1315,21.92,7/7/22,anoxia_062,OWC,wetland-A,24-hour,0.23
266,1330,22.17,7/7/22,anoxia_062,OWC,wetland-A,24-hour,0.21
268,1340,22.33,7/7/22,anoxia_062,OWC,wetland-A,24-hour,0.22
269,1345,22.42,7/7/22,anoxia_062,OWC,wetland-A,24-hour,0.21
80,400,6.67,7/7/22,anoxia_061,OWC,wetland-A,24-hour,0.17
244,1220,20.33,7/7/22,anoxia_062,OWC,wetland-A,24-hour,0.2
249,1245,20.75,7/7/22,anoxia_062,OWC,wetland-A,24-hour,0.21
252,1260,21.00,7/7/22,anoxia_062,OWC,wetland-A,24-hour,0.22
255,1275,21.25,7/7/22,anoxia_062,OWC,wetland-A,24-hour,0.19
257,1285,21.42,7/7/22,anoxia_062,OWC,wetland-A,24-hour,0.21
265,1325,22.08,7/7/22,anoxia_062,OWC,wetland-A,24-hour,0.2
66,330,5.50,7/7/22,anoxia_062,OWC,wetland-A,24-hour,0.2
67,335,5.58,7/7/22,anoxia_062,OWC,wetland-A,24-hour,0.13
148,740,12.33,7/7/22,anoxia_060,OWC,wetland-A,24-hour,0.16
217,1085,18.08,7/7/22,anoxia_062,OWC,wetland-A,24-hour,0.19
220,1100,18.33,7/7/22,anoxia_062,OWC,wetland-A,24-hour,0.19
225,1125,18.75,7/7/22,anoxia_062,OWC,wetland-A,24-hour,0.19
228,1140,19.00,7/7/22,anoxia_062,OWC,wetland-A,24-hour,0.18
241,1205,20.08,7/7/22,anoxia_062,OWC,wetland-A,24-hour,0.2
246,1230,20.50,7/7/22,anoxia_062,OWC,wetland-A,24-hour,0.2
254,1270,21.17,7/7/22,anoxia_062,OWC,wetland-A,24-hour,0.2
258,1290,21.50,7/7/22,anoxia_062,OWC,wetland-A,24-hour,0.19
259,1295,21.58,7/7/22,anoxia_062,OWC,wetland-A,24-hour,0.08
261,1305,21.75,7/7/22,anoxia_062,OWC,wetland-A,24-hour,0.16
262,1310,21.83,7/7/22,anoxia_062,OWC,wetland-A,24-hour,0.15
264,1320,22.00,7/7/22,anoxia_062,OWC,wetland-A,24-hour,0.08
267,1335,22.25,7/7/22,anoxia_062,OWC,wetland-A,24-hour,0.11
81,405,6.75,7/7/22,anoxia_061,OWC,wetland-A,24-hour,0.14
149,745,12.42,7/7/22,anoxia_060,OWC,wetland-A,24-hour,0.15
183,915,15.25,7/7/22,anoxia_062,OWC,wetland-A,24-hour,0.17
204,1020,17.00,7/7/22,anoxia_062,OWC,wetland-A,24-hour,0.17
206,1030,17.17,7/7/22,anoxia_062,OWC,wetland-A,24-hour,0.17
214,1070,17.83,7/7/22,anoxia_062,OWC,wetland-A,24-hour,0.16
215,1075,17.92,7/7/22,anoxia_062,OWC,wetland-A,24-hour,0.16
216,1080,18.00,7/7/22,anoxia_062,OWC,wetland-A,24-hour,0.1
218,1090,18.17,7/7/22,anoxia_062,OWC,wetland-A,24-hour,0.15
219,1095,18.25,7/7/22,anoxia_062,OWC,wetland-A,24-hour,0.18
221,1105,18.42,7/7/22,anoxia_062,OWC,wetland-A,24-hour,0.07
222,1110,18.50,7/7/22,anoxia_062,OWC,wetland-A,24-hour,0.16
223,1115,18.58,7/7/22,anoxia_062,OWC,wetland-A,24-hour,0.17
226,1130,18.83,7/7/22,anoxia_062,OWC,wetland-A,24-hour,0.14
227,1135,18.92,7/7/22,anoxia_062,OWC,wetland-A,24-hour,0.16
236,1180,19.67,7/7/22,anoxia_062,OWC,wetland-A,24-hour,0.19
239,1195,19.92,7/7/22,anoxia_062,OWC,wetland-A,24-hour,0.18
242,1210,20.17,7/7/22,anoxia_062,OWC,wetland-A,24-hour,0.12
243,1215,20.25,7/7/22,anoxia_062,OWC,wetland-A,24-hour,0.17
245,1225,20.42,7/7/22,anoxia_062,OWC,wetland-A,24-hour,0.09
247,1235,20.58,7/7/22,anoxia_062,OWC,wetland-A,24-hour,0.18
248,1240,20.67,7/7/22,anoxia_062,OWC,wetland-A,24-hour,0.07
250,1250,20.83,7/7/22,anoxia_062,OWC,wetland-A,24-hour,0.14
251,1255,20.92,7/7/22,anoxia_062,OWC,wetland-A,24-hour,0.16
253,1265,21.08,7/7/22,anoxia_062,OWC,wetland-A,24-hour,0.07
256,1280,21.33,7/7/22,anoxia_062,OWC,wetland-A,24-hour,0.09
68,340,5.67,7/7/22,anoxia_062,OWC,wetland-A,24-hour,0.17
69,345,5.75,7/7/22,anoxia_062,OWC,wetland-A,24-hour,0.12
170,850,14.17,7/7/22,anoxia_062,OWC,wetland-A,24-hour,0.16
175,875,14.58,7/7/22,anoxia_062,OWC,wetland-A,24-hour,0.15
184,920,15.33,7/7/22,anoxia_062,OWC,wetland-A,24-hour,0.13
185,925,15.42,7/7/22,anoxia_062,OWC,wetland-A,24-hour,0.13
186,930,15.50,7/7/22,anoxia_062,OWC,wetland-A,24-hour,0.17
187,935,15.58,7/7/22,anoxia_062,OWC,wetland-A,24-hour,0.08
188,940,15.67,7/7/22,anoxia_062,OWC,wetland-A,24-hour,0.16
193,965,16.08,7/7/22,anoxia_062,OWC,wetland-A,24-hour,0.16
201,1005,16.75,7/7/22,anoxia_062,OWC,wetland-A,24-hour,0.17
202,1010,16.83,7/7/22,anoxia_062,OWC,wetland-A,24-hour,0.09
203,1015,16.92,7/7/22,anoxia_062,OWC,wetland-A,24-hour,0.16
205,1025,17.08,7/7/22,anoxia_062,OWC,wetland-A,24-hour,0.09
209,1045,17.42,7/7/22,anoxia_062,OWC,wetland-A,24-hour,0.16
212,1060,17.67,7/7/22,anoxia_062,OWC,wetland-A,24-hour,0.17
224,1120,18.67,7/7/22,anoxia_062,OWC,wetland-A,24-hour,0.1
230,1150,19.17,7/7/22,anoxia_062,OWC,wetland-A,24-hour,0.17
231,1155,19.25,7/7/22,anoxia_062,OWC,wetland-A,24-hour,0.17
233,1165,19.42,7/7/22,anoxia_062,OWC,wetland-A,24-hour,0.19
237,1185,19.75,7/7/22,anoxia_062,OWC,wetland-A,24-hour,0.08
238,1190,19.83,7/7/22,anoxia_062,OWC,wetland-A,24-hour,0.17
240,1200,20.00,7/7/22,anoxia_062,OWC,wetland-A,24-hour,0.08
70,350,5.83,7/7/22,anoxia_062,OWC,wetland-A,24-hour,0.13
82,410,6.83,7/7/22,anoxia_061,OWC,wetland-A,24-hour,0.14
150,750,12.50,7/7/22,anoxia_060,OWC,wetland-A,24-hour,0.13
151,755,12.58,7/7/22,anoxia_060,OWC,wetland-A,24-hour,0.12
173,865,14.42,7/7/22,anoxia_062,OWC,wetland-A,24-hour,0.19
178,890,14.83,7/7/22,anoxia_062,OWC,wetland-A,24-hour,0.17
179,895,14.92,7/7/22,anoxia_062,OWC,wetland-A,24-hour,0.04
180,900,15.00,7/7/22,anoxia_062,OWC,wetland-A,24-hour,0.15
181,905,15.08,7/7/22,anoxia_062,OWC,wetland-A,24-hour,0.17
182,910,15.17,7/7/22,anoxia_062,OWC,wetland-A,24-hour,0.09
189,945,15.75,7/7/22,anoxia_062,OWC,wetland-A,24-hour,0.13
190,950,15.83,7/7/22,anoxia_062,OWC,wetland-A,24-hour,0.14
191,955,15.92,7/7/22,anoxia_062,OWC,wetland-A,24-hour,0.16
192,960,16.00,7/7/22,anoxia_062,OWC,wetland-A,24-hour,0.08
196,980,16.33,7/7/22,anoxia_062,OWC,wetland-A,24-hour,0.16
197,985,16.42,7/7/22,anoxia_062,OWC,wetland-A,24-hour,0.05
198,990,16.50,7/7/22,anoxia_062,OWC,wetland-A,24-hour,0.15
199,995,16.58,7/7/22,anoxia_062,OWC,wetland-A,24-hour,0.15
200,1000,16.67,7/7/22,anoxia_062,OWC,wetland-A,24-hour,0.11
207,1035,17.25,7/7/22,anoxia_062,OWC,wetland-A,24-hour,0.16
208,1040,17.33,7/7/22,anoxia_062,OWC,wetland-A,24-hour,0.11
210,1050,17.50,7/7/22,anoxia_062,OWC,wetland-A,24-hour,0.07
211,1055,17.58,7/7/22,anoxia_062,OWC,wetland-A,24-hour,0.15
213,1065,17.75,7/7/22,anoxia_062,OWC,wetland-A,24-hour,0.08
229,1145,19.08,7/7/22,anoxia_062,OWC,wetland-A,24-hour,0.08
232,1160,19.33,7/7/22,anoxia_062,OWC,wetland-A,24-hour,0.03
234,1170,19.50,7/7/22,anoxia_062,OWC,wetland-A,24-hour,0.16
235,1175,19.58,7/7/22,anoxia_062,OWC,wetland-A,24-hour,0.09
71,355,5.92,7/7/22,anoxia_062,OWC,wetland-A,24-hour,0.13
83,415,6.92,7/7/22,anoxia_061,OWC,wetland-A,24-hour,0.12
152,760,12.67,7/7/22,anoxia_062,OWC,wetland-A,24-hour,0.15
154,770,12.83,7/7/22,anoxia_062,OWC,wetland-A,24-hour,0.13
155,775,12.92,7/7/22,anoxia_062,OWC,wetland-A,24-hour,0.14
156,780,13.00,7/7/22,anoxia_062,OWC,wetland-A,24-hour,0.06
157,785,13.08,7/7/22,anoxia_062,OWC,wetland-A,24-hour,0.16
160,800,13.33,7/7/22,anoxia_062,OWC,wetland-A,24-hour,0.15
162,810,13.50,7/7/22,anoxia_062,OWC,wetland-A,24-hour,0.15
165,825,13.75,7/7/22,anoxia_062,OWC,wetland-A,24-hour,0.14
166,830,13.83,7/7/22,anoxia_062,OWC,wetland-A,24-hour,0.06
167,835,13.92,7/7/22,anoxia_062,OWC,wetland-A,24-hour,0.14
168,840,14.00,7/7/22,anoxia_062,OWC,wetland-A,24-hour,0.15
169,845,14.08,7/7/22,anoxia_062,OWC,wetland-A,24-hour,0.1
171,855,14.25,7/7/22,anoxia_062,OWC,wetland-A,24-hour,0.08
172,860,14.33,7/7/22,anoxia_062,OWC,wetland-A,24-hour,0.13
174,870,14.50,7/7/22,anoxia_062,OWC,wetland-A,24-hour,0.06
176,880,14.67,7/7/22,anoxia_062,OWC,wetland-A,24-hour,0.14
177,885,14.75,7/7/22,anoxia_062,OWC,wetland-A,24-hour,0.13
194,970,16.17,7/7/22,anoxia_062,OWC,wetland-A,24-hour,0.11
195,975,16.25,7/7/22,anoxia_062,OWC,wetland-A,24-hour,0.15
72,360,6.00,7/7/22,anoxia_062,OWC,wetland-A,24-hour,0.1
73,365,6.08,7/7/22,anoxia_062,OWC,wetland-A,24-hour,0.14
84,420,7.00,7/7/22,anoxia_061,OWC,wetland-A,24-hour,0.1
132,660,11.00,7/7/22,anoxia_062,OWC,wetland-A,24-hour,0.13
137,685,11.42,7/7/22,anoxia_062,OWC,wetland-A,24-hour,0.13
139,695,11.58,7/7/22,anoxia_062,OWC,wetland-A,24-hour,0.12
142,710,11.83,7/7/22,anoxia_062,OWC,wetland-A,24-hour,0.14
143,715,11.92,7/7/22,anoxia_062,OWC,wetland-A,24-hour,0.03
144,720,12.00,7/7/22,anoxia_062,OWC,wetland-A,24-hour,0.12
147,735,12.25,7/7/22,anoxia_062,OWC,wetland-A,24-hour,0.14
149,745,12.42,7/7/22,anoxia_062,OWC,wetland-A,24-hour,0.12
150,750,12.50,7/7/22,anoxia_062,OWC,wetland-A,24-hour,0.13
152,760,12.67,7/7/22,anoxia_060,OWC,wetland-A,24-hour,0.11
153,765,12.75,7/7/22,anoxia_062,OWC,wetland-A,24-hour,0.09
158,790,13.17,7/7/22,anoxia_062,OWC,wetland-A,24-hour,0.09
159,795,13.25,7/7/22,anoxia_062,OWC,wetland-A,24-hour,0.13
161,805,13.42,7/7/22,anoxia_062,OWC,wetland-A,24-hour,0.05
163,815,13.58,7/7/22,anoxia_062,OWC,wetland-A,24-hour,0.11
164,820,13.67,7/7/22,anoxia_062,OWC,wetland-A,24-hour,0.11
74,370,6.17,7/7/22,anoxia_062,OWC,wetland-A,24-hour,0.03
75,375,6.25,7/7/22,anoxia_062,OWC,wetland-A,24-hour,0.13
93,465,7.75,7/7/22,anoxia_062,OWC,wetland-A,24-hour,0.09
99,495,8.25,7/7/22,anoxia_062,OWC,wetland-A,24-hour,0.09
100,500,8.33,7/7/22,anoxia_062,OWC,wetland-A,24-hour,0.11
101,505,8.42,7/7/22,anoxia_062,OWC,wetland-A,24-hour,0.12
102,510,8.50,7/7/22,anoxia_062,OWC,wetland-A,24-hour,0.07
120,600,10.00,7/7/22,anoxia_062,OWC,wetland-A,24-hour,0.12
122,610,10.17,7/7/22,anoxia_062,OWC,wetland-A,24-hour,0.13
125,625,10.42,7/7/22,anoxia_062,OWC,wetland-A,24-hour,0.12
126,630,10.50,7/7/22,anoxia_062,OWC,wetland-A,24-hour,0.06
127,635,10.58,7/7/22,anoxia_062,OWC,wetland-A,24-hour,0.14
128,640,10.67,7/7/22,anoxia_062,OWC,wetland-A,24-hour,0.07
129,645,10.75,7/7/22,anoxia_062,OWC,wetland-A,24-hour,0.12
130,650,10.83,7/7/22,anoxia_062,OWC,wetland-A,24-hour,0.12
131,655,10.92,7/7/22,anoxia_062,OWC,wetland-A,24-hour,0.07
133,665,11.08,7/7/22,anoxia_062,OWC,wetland-A,24-hour,0.06
134,670,11.17,7/7/22,anoxia_062,OWC,wetland-A,24-hour,0.12
135,675,11.25,7/7/22,anoxia_062,OWC,wetland-A,24-hour,0.12
136,680,11.33,7/7/22,anoxia_062,OWC,wetland-A,24-hour,0.07
138,690,11.50,7/7/22,anoxia_062,OWC,wetland-A,24-hour,0.05
140,700,11.67,7/7/22,anoxia_062,OWC,wetland-A,24-hour,0.14
141,705,11.75,7/7/22,anoxia_062,OWC,wetland-A,24-hour,0.09
145,725,12.08,7/7/22,anoxia_062,OWC,wetland-A,24-hour,0.12
146,730,12.17,7/7/22,anoxia_062,OWC,wetland-A,24-hour,0.1
148,740,12.33,7/7/22,anoxia_062,OWC,wetland-A,24-hour,0.03
151,755,12.58,7/7/22,anoxia_062,OWC,wetland-A,24-hour,0.07
153,765,12.75,7/7/22,anoxia_060,OWC,wetland-A,24-hour,0.11
76,380,6.33,7/7/22,anoxia_062,OWC,wetland-A,24-hour,0.09
77,385,6.42,7/7/22,anoxia_062,OWC,wetland-A,24-hour,0.09
78,390,6.50,7/7/22,anoxia_062,OWC,wetland-A,24-hour,0.12
79,395,6.58,7/7/22,anoxia_062,OWC,wetland-A,24-hour,0.05
80,400,6.67,7/7/22,anoxia_062,OWC,wetland-A,24-hour,0.13
81,405,6.75,7/7/22,anoxia_062,OWC,wetland-A,24-hour,0.03
82,410,6.83,7/7/22,anoxia_062,OWC,wetland-A,24-hour,0.12
83,415,6.92,7/7/22,anoxia_062,OWC,wetland-A,24-hour,0.06
84,420,7.00,7/7/22,anoxia_062,OWC,wetland-A,24-hour,0.11
85,425,7.08,7/7/22,anoxia_062,OWC,wetland-A,24-hour,0.11
85,425,7.08,7/7/22,anoxia_061,OWC,wetland-A,24-hour,0.09
86,430,7.17,7/7/22,anoxia_062,OWC,wetland-A,24-hour,0.08
87,435,7.25,7/7/22,anoxia_062,OWC,wetland-A,24-hour,0.12
88,440,7.33,7/7/22,anoxia_062,OWC,wetland-A,24-hour,0.04
89,445,7.42,7/7/22,anoxia_062,OWC,wetland-A,24-hour,0.13
90,450,7.50,7/7/22,anoxia_062,OWC,wetland-A,24-hour,0.06
91,455,7.58,7/7/22,anoxia_062,OWC,wetland-A,24-hour,0.12
92,460,7.67,7/7/22,anoxia_062,OWC,wetland-A,24-hour,0.11
94,470,7.83,7/7/22,anoxia_062,OWC,wetland-A,24-hour,0.12
95,475,7.92,7/7/22,anoxia_062,OWC,wetland-A,24-hour,0.04
96,480,8.00,7/7/22,anoxia_062,OWC,wetland-A,24-hour,0.13
97,485,8.08,7/7/22,anoxia_062,OWC,wetland-A,24-hour,0.03
98,490,8.17,7/7/22,anoxia_062,OWC,wetland-A,24-hour,0.12
103,515,8.58,7/7/22,anoxia_062,OWC,wetland-A,24-hour,0.13
104,520,8.67,7/7/22,anoxia_062,OWC,wetland-A,24-hour,0.04
105,525,8.75,7/7/22,anoxia_062,OWC,wetland-A,24-hour,0.12
106,530,8.83,7/7/22,anoxia_062,OWC,wetland-A,24-hour,0.07
107,535,8.92,7/7/22,anoxia_062,OWC,wetland-A,24-hour,0.1
108,540,9.00,7/7/22,anoxia_062,OWC,wetland-A,24-hour,0.12
109,545,9.08,7/7/22,anoxia_062,OWC,wetland-A,24-hour,0.06
110,550,9.17,7/7/22,anoxia_062,OWC,wetland-A,24-hour,0.13
111,555,9.25,7/7/22,anoxia_062,OWC,wetland-A,24-hour,0.04
112,560,9.33,7/7/22,anoxia_062,OWC,wetland-A,24-hour,0.1
115,575,9.58,7/7/22,anoxia_062,OWC,wetland-A,24-hour,0.13
116,580,9.67,7/7/22,anoxia_062,OWC,wetland-A,24-hour,0
117,585,9.75,7/7/22,anoxia_062,OWC,wetland-A,24-hour,0.11
119,595,9.92,7/7/22,anoxia_062,OWC,wetland-A,24-hour,0.1
121,605,10.08,7/7/22,anoxia_062,OWC,wetland-A,24-hour,0.04
123,615,10.25,7/7/22,anoxia_062,OWC,wetland-A,24-hour,0.07
124,620,10.33,7/7/22,anoxia_062,OWC,wetland-A,24-hour,0.1
154,770,12.83,7/7/22,anoxia_060,OWC,wetland-A,24-hour,0.1
86,430,7.17,7/7/22,anoxia_061,OWC,wetland-A,24-hour,0.07
113,565,9.42,7/7/22,anoxia_062,OWC,wetland-A,24-hour,0.12
114,570,9.50,7/7/22,anoxia_062,OWC,wetland-A,24-hour,0.07
118,590,9.83,7/7/22,anoxia_062,OWC,wetland-A,24-hour,0.1
155,775,12.92,7/7/22,anoxia_060,OWC,wetland-A,24-hour,0.09
87,435,7.25,7/7/22,anoxia_061,OWC,wetland-A,24-hour,0.07
156,780,13.00,7/7/22,anoxia_060,OWC,wetland-A,24-hour,0.07
245,1225,20.42,7/7/22,anoxia_061,OWC,wetland-A,24-hour,0.06
246,1230,20.50,7/7/22,anoxia_061,OWC,wetland-A,24-hour,0.06
247,1235,20.58,7/7/22,anoxia_061,OWC,wetland-A,24-hour,0.07
248,1240,20.67,7/7/22,anoxia_061,OWC,wetland-A,24-hour,0.07
249,1245,20.75,7/7/22,anoxia_061,OWC,wetland-A,24-hour,0.07
250,1250,20.83,7/7/22,anoxia_061,OWC,wetland-A,24-hour,0.08
251,1255,20.92,7/7/22,anoxia_061,OWC,wetland-A,24-hour,0.06
252,1260,21.00,7/7/22,anoxia_061,OWC,wetland-A,24-hour,0.08
253,1265,21.08,7/7/22,anoxia_061,OWC,wetland-A,24-hour,0.06
255,1275,21.25,7/7/22,anoxia_061,OWC,wetland-A,24-hour,0.08
257,1285,21.42,7/7/22,anoxia_061,OWC,wetland-A,24-hour,0.05
258,1290,21.50,7/7/22,anoxia_061,OWC,wetland-A,24-hour,0.08
259,1295,21.58,7/7/22,anoxia_061,OWC,wetland-A,24-hour,0.06
260,1300,21.67,7/7/22,anoxia_061,OWC,wetland-A,24-hour,0.08
261,1305,21.75,7/7/22,anoxia_061,OWC,wetland-A,24-hour,0.07
262,1310,21.83,7/7/22,anoxia_061,OWC,wetland-A,24-hour,0.06
263,1315,21.92,7/7/22,anoxia_061,OWC,wetland-A,24-hour,0.09
264,1320,22.00,7/7/22,anoxia_061,OWC,wetland-A,24-hour,0.07
265,1325,22.08,7/7/22,anoxia_061,OWC,wetland-A,24-hour,0.06
266,1330,22.17,7/7/22,anoxia_061,OWC,wetland-A,24-hour,0.08
267,1335,22.25,7/7/22,anoxia_061,OWC,wetland-A,24-hour,0.06
268,1340,22.33,7/7/22,anoxia_061,OWC,wetland-A,24-hour,0.09
269,1345,22.42,7/7/22,anoxia_061,OWC,wetland-A,24-hour,0.07
88,440,7.33,7/7/22,anoxia_061,OWC,wetland-A,24-hour,0.05
157,785,13.08,7/7/22,anoxia_060,OWC,wetland-A,24-hour,0.05
218,1090,18.17,7/7/22,anoxia_061,OWC,wetland-A,24-hour,0.05
219,1095,18.25,7/7/22,anoxia_061,OWC,wetland-A,24-hour,0.06
220,1100,18.33,7/7/22,anoxia_061,OWC,wetland-A,24-hour,0.07
221,1105,18.42,7/7/22,anoxia_061,OWC,wetland-A,24-hour,0.07
222,1110,18.50,7/7/22,anoxia_061,OWC,wetland-A,24-hour,0.05
223,1115,18.58,7/7/22,anoxia_061,OWC,wetland-A,24-hour,0.04
227,1135,18.92,7/7/22,anoxia_061,OWC,wetland-A,24-hour,0.05
228,1140,19.00,7/7/22,anoxia_061,OWC,wetland-A,24-hour,0.04
230,1150,19.17,7/7/22,anoxia_061,OWC,wetland-A,24-hour,0.07
231,1155,19.25,7/7/22,anoxia_061,OWC,wetland-A,24-hour,0.06
232,1160,19.33,7/7/22,anoxia_061,OWC,wetland-A,24-hour,0.05
233,1165,19.42,7/7/22,anoxia_061,OWC,wetland-A,24-hour,0.05
234,1170,19.50,7/7/22,anoxia_061,OWC,wetland-A,24-hour,0.07
235,1175,19.58,7/7/22,anoxia_061,OWC,wetland-A,24-hour,0.06
236,1180,19.67,7/7/22,anoxia_061,OWC,wetland-A,24-hour,0.05
237,1185,19.75,7/7/22,anoxia_061,OWC,wetland-A,24-hour,0.05
238,1190,19.83,7/7/22,anoxia_061,OWC,wetland-A,24-hour,0.07
239,1195,19.92,7/7/22,anoxia_061,OWC,wetland-A,24-hour,0.06
240,1200,20.00,7/7/22,anoxia_061,OWC,wetland-A,24-hour,0.05
241,1205,20.08,7/7/22,anoxia_061,OWC,wetland-A,24-hour,0.06
242,1210,20.17,7/7/22,anoxia_061,OWC,wetland-A,24-hour,0.08
243,1215,20.25,7/7/22,anoxia_061,OWC,wetland-A,24-hour,0.05
244,1220,20.33,7/7/22,anoxia_061,OWC,wetland-A,24-hour,0.07
254,1270,21.17,7/7/22,anoxia_061,OWC,wetland-A,24-hour,0.05
256,1280,21.33,7/7/22,anoxia_061,OWC,wetland-A,24-hour,0.07
89,445,7.42,7/7/22,anoxia_061,OWC,wetland-A,24-hour,0.05
158,790,13.17,7/7/22,anoxia_060,OWC,wetland-A,24-hour,0.03
204,1020,17.00,7/7/22,anoxia_061,OWC,wetland-A,24-hour,0.05
210,1050,17.50,7/7/22,anoxia_061,OWC,wetland-A,24-hour,0.05
213,1065,17.75,7/7/22,anoxia_061,OWC,wetland-A,24-hour,0.06
214,1070,17.83,7/7/22,anoxia_061,OWC,wetland-A,24-hour,0.04
215,1075,17.92,7/7/22,anoxia_061,OWC,wetland-A,24-hour,0.04
216,1080,18.00,7/7/22,anoxia_061,OWC,wetland-A,24-hour,0.06
217,1085,18.08,7/7/22,anoxia_061,OWC,wetland-A,24-hour,0.07
224,1120,18.67,7/7/22,anoxia_061,OWC,wetland-A,24-hour,0.05
225,1125,18.75,7/7/22,anoxia_061,OWC,wetland-A,24-hour,0.06
226,1130,18.83,7/7/22,anoxia_061,OWC,wetland-A,24-hour,0.05
229,1145,19.08,7/7/22,anoxia_061,OWC,wetland-A,24-hour,0.07
90,450,7.50,7/7/22,anoxia_061,OWC,wetland-A,24-hour,0.03
159,795,13.25,7/7/22,anoxia_060,OWC,wetland-A,24-hour,0.03
179,895,14.92,7/7/22,anoxia_061,OWC,wetland-A,24-hour,0.04
180,900,15.00,7/7/22,anoxia_061,OWC,wetland-A,24-hour,0.05
181,905,15.08,7/7/22,anoxia_061,OWC,wetland-A,24-hour,0.03
182,910,15.17,7/7/22,anoxia_061,OWC,wetland-A,24-hour,0.03
183,915,15.25,7/7/22,anoxia_061,OWC,wetland-A,24-hour,0.04
184,920,15.33,7/7/22,anoxia_061,OWC,wetland-A,24-hour,0.04
185,925,15.42,7/7/22,anoxia_061,OWC,wetland-A,24-hour,0.02
186,930,15.50,7/7/22,anoxia_061,OWC,wetland-A,24-hour,0.04
187,935,15.58,7/7/22,anoxia_061,OWC,wetland-A,24-hour,0.05
188,940,15.67,7/7/22,anoxia_061,OWC,wetland-A,24-hour,0.03
189,945,15.75,7/7/22,anoxia_061,OWC,wetland-A,24-hour,0.04
190,950,15.83,7/7/22,anoxia_061,OWC,wetland-A,24-hour,0.05
191,955,15.92,7/7/22,anoxia_061,OWC,wetland-A,24-hour,0.04
192,960,16.00,7/7/22,anoxia_061,OWC,wetland-A,24-hour,0.04
193,965,16.08,7/7/22,anoxia_061,OWC,wetland-A,24-hour,0.04
194,970,16.17,7/7/22,anoxia_061,OWC,wetland-A,24-hour,0.04
195,975,16.25,7/7/22,anoxia_061,OWC,wetland-A,24-hour,0.04
196,980,16.33,7/7/22,anoxia_061,OWC,wetland-A,24-hour,0.04
197,985,16.42,7/7/22,anoxia_061,OWC,wetland-A,24-hour,0.03
198,990,16.50,7/7/22,anoxia_061,OWC,wetland-A,24-hour,0.04
199,995,16.58,7/7/22,anoxia_061,OWC,wetland-A,24-hour,0.04
200,1000,16.67,7/7/22,anoxia_061,OWC,wetland-A,24-hour,0.03
201,1005,16.75,7/7/22,anoxia_061,OWC,wetland-A,24-hour,0.06
202,1010,16.83,7/7/22,anoxia_061,OWC,wetland-A,24-hour,0.04
203,1015,16.92,7/7/22,anoxia_061,OWC,wetland-A,24-hour,0.04
205,1025,17.08,7/7/22,anoxia_061,OWC,wetland-A,24-hour,0.04
206,1030,17.17,7/7/22,anoxia_061,OWC,wetland-A,24-hour,0.04
207,1035,17.25,7/7/22,anoxia_061,OWC,wetland-A,24-hour,0.05
208,1040,17.33,7/7/22,anoxia_061,OWC,wetland-A,24-hour,0.04
209,1045,17.42,7/7/22,anoxia_061,OWC,wetland-A,24-hour,0.04
211,1055,17.58,7/7/22,anoxia_060,OWC,wetland-A,24-hour,0.04
211,1055,17.58,7/7/22,anoxia_061,OWC,wetland-A,24-hour,0.04
212,1060,17.67,7/7/22,anoxia_060,OWC,wetland-A,24-hour,0.04
212,1060,17.67,7/7/22,anoxia_061,OWC,wetland-A,24-hour,0.04
230,1150,19.17,7/7/22,anoxia_060,OWC,wetland-A,24-hour,0.04
231,1155,19.25,7/7/22,anoxia_060,OWC,wetland-A,24-hour,0.04
232,1160,19.33,7/7/22,anoxia_060,OWC,wetland-A,24-hour,0.04
233,1165,19.42,7/7/22,anoxia_060,OWC,wetland-A,24-hour,0.04
245,1225,20.42,7/7/22,anoxia_060,OWC,wetland-A,24-hour,0.04
246,1230,20.50,7/7/22,anoxia_060,OWC,wetland-A,24-hour,0.04
247,1235,20.58,7/7/22,anoxia_060,OWC,wetland-A,24-hour,0.04
248,1240,20.67,7/7/22,anoxia_060,OWC,wetland-A,24-hour,0.05
249,1245,20.75,7/7/22,anoxia_060,OWC,wetland-A,24-hour,0.04
267,1335,22.25,7/7/22,anoxia_060,OWC,wetland-A,24-hour,0.04
268,1340,22.33,7/7/22,anoxia_060,OWC,wetland-A,24-hour,0.04
269,1345,22.42,7/7/22,anoxia_060,OWC,wetland-A,24-hour,0.04
91,455,7.58,7/7/22,anoxia_061,OWC,wetland-A,24-hour,0.04
92,460,7.67,7/7/22,anoxia_061,OWC,wetland-A,24-hour,0.02
93,465,7.75,7/7/22,anoxia_061,OWC,wetland-A,24-hour,0.04
94,470,7.83,7/7/22,anoxia_061,OWC,wetland-A,24-hour,0.01
96,480,8.00,7/7/22,anoxia_061,OWC,wetland-A,24-hour,0.01
150,750,12.50,7/7/22,anoxia_061,OWC,wetland-A,24-hour,0.02
151,755,12.58,7/7/22,anoxia_061,OWC,wetland-A,24-hour,0.02
152,760,12.67,7/7/22,anoxia_061,OWC,wetland-A,24-hour,0.02
153,765,12.75,7/7/22,anoxia_061,OWC,wetland-A,24-hour,0.04
154,770,12.83,7/7/22,anoxia_061,OWC,wetland-A,24-hour,0.02
155,775,12.92,7/7/22,anoxia_061,OWC,wetland-A,24-hour,0.02
156,780,13.00,7/7/22,anoxia_061,OWC,wetland-A,24-hour,0.04
157,785,13.08,7/7/22,anoxia_061,OWC,wetland-A,24-hour,0.02
158,790,13.17,7/7/22,anoxia_061,OWC,wetland-A,24-hour,0.02
159,795,13.25,7/7/22,anoxia_061,OWC,wetland-A,24-hour,0.03
160,800,13.33,7/7/22,anoxia_060,OWC,wetland-A,24-hour,0.03
160,800,13.33,7/7/22,anoxia_061,OWC,wetland-A,24-hour,0.04
161,805,13.42,7/7/22,anoxia_060,OWC,wetland-A,24-hour,0.02
161,805,13.42,7/7/22,anoxia_061,OWC,wetland-A,24-hour,0.02
162,810,13.50,7/7/22,anoxia_061,OWC,wetland-A,24-hour,0.02
163,815,13.58,7/7/22,anoxia_060,OWC,wetland-A,24-hour,0.02
163,815,13.58,7/7/22,anoxia_061,OWC,wetland-A,24-hour,0.04
164,820,13.67,7/7/22,anoxia_060,OWC,wetland-A,24-hour,0.03
164,820,13.67,7/7/22,anoxia_061,OWC,wetland-A,24-hour,0.03
165,825,13.75,7/7/22,anoxia_060,OWC,wetland-A,24-hour,0.03
165,825,13.75,7/7/22,anoxia_061,OWC,wetland-A,24-hour,0.02
166,830,13.83,7/7/22,anoxia_060,OWC,wetland-A,24-hour,0.04
166,830,13.83,7/7/22,anoxia_061,OWC,wetland-A,24-hour,0.03
167,835,13.92,7/7/22,anoxia_060,OWC,wetland-A,24-hour,0.04
167,835,13.92,7/7/22,anoxia_061,OWC,wetland-A,24-hour,0.04
168,840,14.00,7/7/22,anoxia_060,OWC,wetland-A,24-hour,0.03
168,840,14.00,7/7/22,anoxia_061,OWC,wetland-A,24-hour,0.03
169,845,14.08,7/7/22,anoxia_060,OWC,wetland-A,24-hour,0.03
169,845,14.08,7/7/22,anoxia_061,OWC,wetland-A,24-hour,0.03
170,850,14.17,7/7/22,anoxia_061,OWC,wetland-A,24-hour,0.04
171,855,14.25,7/7/22,anoxia_061,OWC,wetland-A,24-hour,0.02
172,860,14.33,7/7/22,anoxia_061,OWC,wetland-A,24-hour,0.02
173,865,14.42,7/7/22,anoxia_061,OWC,wetland-A,24-hour,0.04
174,870,14.50,7/7/22,anoxia_061,OWC,wetland-A,24-hour,0.03
175,875,14.58,7/7/22,anoxia_061,OWC,wetland-A,24-hour,0.02
176,880,14.67,7/7/22,anoxia_061,OWC,wetland-A,24-hour,0.04
177,885,14.75,7/7/22,anoxia_061,OWC,wetland-A,24-hour,0.03
178,890,14.83,7/7/22,anoxia_060,OWC,wetland-A,24-hour,0.02
178,890,14.83,7/7/22,anoxia_061,OWC,wetland-A,24-hour,0.03
179,895,14.92,7/7/22,anoxia_060,OWC,wetland-A,24-hour,0.03
180,900,15.00,7/7/22,anoxia_060,OWC,wetland-A,24-hour,0.03
181,905,15.08,7/7/22,anoxia_060,OWC,wetland-A,24-hour,0.04
182,910,15.17,7/7/22,anoxia_060,OWC,wetland-A,24-hour,0.03
183,915,15.25,7/7/22,anoxia_060,OWC,wetland-A,24-hour,0.03
184,920,15.33,7/7/22,anoxia_060,OWC,wetland-A,24-hour,0.04
193,965,16.08,7/7/22,anoxia_060,OWC,wetland-A,24-hour,0.03
194,970,16.17,7/7/22,anoxia_060,OWC,wetland-A,24-hour,0.04
195,975,16.25,7/7/22,anoxia_060,OWC,wetland-A,24-hour,0.03
196,980,16.33,7/7/22,anoxia_060,OWC,wetland-A,24-hour,0.03
197,985,16.42,7/7/22,anoxia_060,OWC,wetland-A,24-hour,0.03
198,990,16.50,7/7/22,anoxia_060,OWC,wetland-A,24-hour,0.03
208,1040,17.33,7/7/22,anoxia_060,OWC,wetland-A,24-hour,0.03
209,1045,17.42,7/7/22,anoxia_060,OWC,wetland-A,24-hour,0.03
210,1050,17.50,7/7/22,anoxia_060,OWC,wetland-A,24-hour,0.04
213,1065,17.75,7/7/22,anoxia_060,OWC,wetland-A,24-hour,0.04
214,1070,17.83,7/7/22,anoxia_060,OWC,wetland-A,24-hour,0.04
215,1075,17.92,7/7/22,anoxia_060,OWC,wetland-A,24-hour,0.03
224,1120,18.67,7/7/22,anoxia_060,OWC,wetland-A,24-hour,0.03
225,1125,18.75,7/7/22,anoxia_060,OWC,wetland-A,24-hour,0.03
226,1130,18.83,7/7/22,anoxia_060,OWC,wetland-A,24-hour,0.02
227,1135,18.92,7/7/22,anoxia_060,OWC,wetland-A,24-hour,0.03
228,1140,19.00,7/7/22,anoxia_060,OWC,wetland-A,24-hour,0.03
229,1145,19.08,7/7/22,anoxia_060,OWC,wetland-A,24-hour,0.04
234,1170,19.50,7/7/22,anoxia_060,OWC,wetland-A,24-hour,0.04
235,1175,19.58,7/7/22,anoxia_060,OWC,wetland-A,24-hour,0.03
236,1180,19.67,7/7/22,anoxia_060,OWC,wetland-A,24-hour,0.02
242,1210,20.17,7/7/22,anoxia_060,OWC,wetland-A,24-hour,0.03
243,1215,20.25,7/7/22,anoxia_060,OWC,wetland-A,24-hour,0.03
244,1220,20.33,7/7/22,anoxia_060,OWC,wetland-A,24-hour,0.03
250,1250,20.83,7/7/22,anoxia_060,OWC,wetland-A,24-hour,0.04
251,1255,20.92,7/7/22,anoxia_060,OWC,wetland-A,24-hour,0.03
264,1320,22.00,7/7/22,anoxia_060,OWC,wetland-A,24-hour,0.03
265,1325,22.08,7/7/22,anoxia_060,OWC,wetland-A,24-hour,0.03
266,1330,22.17,7/7/22,anoxia_060,OWC,wetland-A,24-hour,0.03
95,475,7.92,7/7/22,anoxia_061,OWC,wetland-A,24-hour,0.03
97,485,8.08,7/7/22,anoxia_061,OWC,wetland-A,24-hour,0.03
98,490,8.17,7/7/22,anoxia_061,OWC,wetland-A,24-hour,0.01
99,495,8.25,7/7/22,anoxia_061,OWC,wetland-A,24-hour,0.03
100,500,8.33,7/7/22,anoxia_061,OWC,wetland-A,24-hour,0.01
101,505,8.42,7/7/22,anoxia_061,OWC,wetland-A,24-hour,0.03
102,510,8.50,7/7/22,anoxia_061,OWC,wetland-A,24-hour,0
103,515,8.58,7/7/22,anoxia_061,OWC,wetland-A,24-hour,0.02
104,520,8.67,7/7/22,anoxia_061,OWC,wetland-A,24-hour,0.01
105,525,8.75,7/7/22,anoxia_061,OWC,wetland-A,24-hour,0.03
106,530,8.83,7/7/22,anoxia_061,OWC,wetland-A,24-hour,0.01
107,535,8.92,7/7/22,anoxia_061,OWC,wetland-A,24-hour,0.01
108,540,9.00,7/7/22,anoxia_061,OWC,wetland-A,24-hour,0.03
109,545,9.08,7/7/22,anoxia_061,OWC,wetland-A,24-hour,0.01
110,550,9.17,7/7/22,anoxia_061,OWC,wetland-A,24-hour,0.02
111,555,9.25,7/7/22,anoxia_061,OWC,wetland-A,24-hour,0
114,570,9.50,7/7/22,anoxia_061,OWC,wetland-A,24-hour,0.01
116,580,9.67,7/7/22,anoxia_061,OWC,wetland-A,24-hour,0.01
127,635,10.58,7/7/22,anoxia_061,OWC,wetland-A,24-hour,0.02
128,640,10.67,7/7/22,anoxia_061,OWC,wetland-A,24-hour,0.03
129,645,10.75,7/7/22,anoxia_061,OWC,wetland-A,24-hour,0.01
130,650,10.83,7/7/22,anoxia_061,OWC,wetland-A,24-hour,0.03
138,690,11.50,7/7/22,anoxia_061,OWC,wetland-A,24-hour,0.03
139,695,11.58,7/7/22,anoxia_061,OWC,wetland-A,24-hour,0.01
140,700,11.67,7/7/22,anoxia_061,OWC,wetland-A,24-hour,0.01
141,705,11.75,7/7/22,anoxia_061,OWC,wetland-A,24-hour,0.02
142,710,11.83,7/7/22,anoxia_061,OWC,wetland-A,24-hour,0.02
143,715,11.92,7/7/22,anoxia_061,OWC,wetland-A,24-hour,0.01
144,720,12.00,7/7/22,anoxia_061,OWC,wetland-A,24-hour,0.01
145,725,12.08,7/7/22,anoxia_061,OWC,wetland-A,24-hour,0.03
146,730,12.17,7/7/22,anoxia_061,OWC,wetland-A,24-hour,0.01
147,735,12.25,7/7/22,anoxia_061,OWC,wetland-A,24-hour,0.01
148,740,12.33,7/7/22,anoxia_061,OWC,wetland-A,24-hour,0.03
149,745,12.42,7/7/22,anoxia_061,OWC,wetland-A,24-hour,0.04
162,810,13.50,7/7/22,anoxia_060,OWC,wetland-A,24-hour,0.02
170,850,14.17,7/7/22,anoxia_060,OWC,wetland-A,24-hour,0.03
171,855,14.25,7/7/22,anoxia_060,OWC,wetland-A,24-hour,0.01
172,860,14.33,7/7/22,anoxia_060,OWC,wetland-A,24-hour,0.02
173,865,14.42,7/7/22,anoxia_060,OWC,wetland-A,24-hour,0.01
174,870,14.50,7/7/22,anoxia_060,OWC,wetland-A,24-hour,0.02
175,875,14.58,7/7/22,anoxia_060,OWC,wetland-A,24-hour,0.02
176,880,14.67,7/7/22,anoxia_060,OWC,wetland-A,24-hour,0.01
177,885,14.75,7/7/22,anoxia_060,OWC,wetland-A,24-hour,0.03
185,925,15.42,7/7/22,anoxia_060,OWC,wetland-A,24-hour,0.03
186,930,15.50,7/7/22,anoxia_060,OWC,wetland-A,24-hour,0.01
187,935,15.58,7/7/22,anoxia_060,OWC,wetland-A,24-hour,0.01
191,955,15.92,7/7/22,anoxia_060,OWC,wetland-A,24-hour,0.02
192,960,16.00,7/7/22,anoxia_060,OWC,wetland-A,24-hour,0.02
199,995,16.58,7/7/22,anoxia_060,OWC,wetland-A,24-hour,0.02
200,1000,16.67,7/7/22,anoxia_060,OWC,wetland-A,24-hour,0.02
201,1005,16.75,7/7/22,anoxia_060,OWC,wetland-A,24-hour,0.01
205,1025,17.08,7/7/22,anoxia_060,OWC,wetland-A,24-hour,0.02
206,1030,17.17,7/7/22,anoxia_060,OWC,wetland-A,24-hour,0.02
207,1035,17.25,7/7/22,anoxia_060,OWC,wetland-A,24-hour,0.02
216,1080,18.00,7/7/22,anoxia_060,OWC,wetland-A,24-hour,0.01
217,1085,18.08,7/7/22,anoxia_060,OWC,wetland-A,24-hour,0.01
218,1090,18.17,7/7/22,anoxia_060,OWC,wetland-A,24-hour,0.02
219,1095,18.25,7/7/22,anoxia_060,OWC,wetland-A,24-hour,0.02
220,1100,18.33,7/7/22,anoxia_060,OWC,wetland-A,24-hour,0.02
221,1105,18.42,7/7/22,anoxia_060,OWC,wetland-A,24-hour,0.02
222,1110,18.50,7/7/22,anoxia_060,OWC,wetland-A,24-hour,0.03
223,1115,18.58,7/7/22,anoxia_060,OWC,wetland-A,24-hour,0.02
237,1185,19.75,7/7/22,anoxia_060,OWC,wetland-A,24-hour,0.01
238,1190,19.83,7/7/22,anoxia_060,OWC,wetland-A,24-hour,0.01
239,1195,19.92,7/7/22,anoxia_060,OWC,wetland-A,24-hour,0.02
240,1200,20.00,7/7/22,anoxia_060,OWC,wetland-A,24-hour,0.03
241,1205,20.08,7/7/22,anoxia_060,OWC,wetland-A,24-hour,0.02
252,1260,21.00,7/7/22,anoxia_060,OWC,wetland-A,24-hour,0.02
253,1265,21.08,7/7/22,anoxia_060,OWC,wetland-A,24-hour,0.01
254,1270,21.17,7/7/22,anoxia_060,OWC,wetland-A,24-hour,0.02
255,1275,21.25,7/7/22,anoxia_060,OWC,wetland-A,24-hour,0.02
256,1280,21.33,7/7/22,anoxia_060,OWC,wetland-A,24-hour,0.02
257,1285,21.42,7/7/22,anoxia_060,OWC,wetland-A,24-hour,0.02
258,1290,21.50,7/7/22,anoxia_060,OWC,wetland-A,24-hour,0.02
259,1295,21.58,7/7/22,anoxia_060,OWC,wetland-A,24-hour,0.02
260,1300,21.67,7/7/22,anoxia_060,OWC,wetland-A,24-hour,0.02
261,1305,21.75,7/7/22,anoxia_060,OWC,wetland-A,24-hour,0.02
262,1310,21.83,7/7/22,anoxia_060,OWC,wetland-A,24-hour,0.03
263,1315,21.92,7/7/22,anoxia_060,OWC,wetland-A,24-hour,0.02
112,560,9.33,7/7/22,anoxia_061,OWC,wetland-A,24-hour,0.01
113,565,9.42,7/7/22,anoxia_061,OWC,wetland-A,24-hour,0.03
115,575,9.58,7/7/22,anoxia_061,OWC,wetland-A,24-hour,0.01
117,585,9.75,7/7/22,anoxia_061,OWC,wetland-A,24-hour,0.03
118,590,9.83,7/7/22,anoxia_061,OWC,wetland-A,24-hour,0
119,595,9.92,7/7/22,anoxia_061,OWC,wetland-A,24-hour,0.02
120,600,10.00,7/7/22,anoxia_061,OWC,wetland-A,24-hour,0
121,605,10.08,7/7/22,anoxia_061,OWC,wetland-A,24-hour,0.02
122,610,10.17,7/7/22,anoxia_061,OWC,wetland-A,24-hour,0.01
123,615,10.25,7/7/22,anoxia_061,OWC,wetland-A,24-hour,0
124,620,10.33,7/7/22,anoxia_061,OWC,wetland-A,24-hour,0.01
125,625,10.42,7/7/22,anoxia_061,OWC,wetland-A,24-hour,0.02
126,630,10.50,7/7/22,anoxia_061,OWC,wetland-A,24-hour,0
131,655,10.92,7/7/22,anoxia_061,OWC,wetland-A,24-hour,0.01
132,660,11.00,7/7/22,anoxia_061,OWC,wetland-A,24-hour,0.01
133,665,11.08,7/7/22,anoxia_061,OWC,wetland-A,24-hour,0.01
134,670,11.17,7/7/22,anoxia_061,OWC,wetland-A,24-hour,0
135,675,11.25,7/7/22,anoxia_061,OWC,wetland-A,24-hour,0.02
136,680,11.33,7/7/22,anoxia_061,OWC,wetland-A,24-hour,0.01
137,685,11.42,7/7/22,anoxia_061,OWC,wetland-A,24-hour,0.01
188,940,15.67,7/7/22,anoxia_060,OWC,wetland-A,24-hour,0.01
189,945,15.75,7/7/22,anoxia_060,OWC,wetland-A,24-hour,0.01
190,950,15.83,7/7/22,anoxia_060,OWC,wetland-A,24-hour,0.01
202,1010,16.83,7/7/22,anoxia_060,OWC,wetland-A,24-hour,0.02
203,1015,16.92,7/7/22,anoxia_060,OWC,wetland-A,24-hour,0.01
204,1020,17.00,7/7/22,anoxia_060,OWC,wetland-A,24-hour,0
1,5,0.08,7/7/22,anoxia_062,OWC,wetland-A,24-hour,5.2
1,5,0.08,7/7/22,anoxia_060,OWC,wetland-A,24-hour,5.97
1,5,0.08,7/7/22,anoxia_061,OWC,wetland-A,24-hour,5.03
2,10,0.17,7/7/22,anoxia_062,OWC,wetland-A,24-hour,4.97
2,10,0.17,7/7/22,anoxia_060,OWC,wetland-A,24-hour,5.89
2,10,0.17,7/7/22,anoxia_061,OWC,wetland-A,24-hour,4.75
3,15,0.25,7/7/22,anoxia_062,OWC,wetland-A,24-hour,4.6
3,15,0.25,7/7/22,anoxia_060,OWC,wetland-A,24-hour,5.64
3,15,0.25,7/7/22,anoxia_061,OWC,wetland-A,24-hour,4.4
270,1350,22.50,7/7/22,anoxia_062,OWC,wetland-A,24-hour,0.09
270,1350,22.50,7/7/22,anoxia_060,OWC,wetland-A,24-hour,0.05
270,1350,22.50,7/7/22,anoxia_061,OWC,wetland-A,24-hour,0.07
271,1355,22.58,7/7/22,anoxia_062,OWC,wetland-A,24-hour,0.21
271,1355,22.58,7/7/22,anoxia_060,OWC,wetland-A,24-hour,0.04
271,1355,22.58,7/7/22,anoxia_061,OWC,wetland-A,24-hour,0.08
272,1360,22.67,7/7/22,anoxia_062,OWC,wetland-A,24-hour,0.19
272,1360,22.67,7/7/22,anoxia_060,OWC,wetland-A,24-hour,0.05
272,1360,22.67,7/7/22,anoxia_061,OWC,wetland-A,24-hour,0.06